Workbook

Sheet How to use
A1: Game Development Risk Register
A2: A free template from GameDevProducer.com. Use it to name, score, own and review the risks on your project.
A4: How to fill it in
A5: 1. Write each risk as something that could happen, not a worry: "the netcode engineer leaves", not "staffing".
A6: 2. Score probability and impact from 1 (low) to 5 (high). Score and rating calculate automatically: 15 to 25 is High, 8 to 14 Medium, 1 to 7 Low.
A7: 3. Give every risk one named owner. A risk owned by "the team" is owned by nobody.
A8: 4. Write the early warning sign: the observable signal that the risk is starting to happen.
A9: 5. Mitigation is what you do now to make it less likely or less damaging. Contingency is the plan if it happens anyway.
A10: 6. Review the register on a fixed cadence, weekly or at every sprint review. Escalate anything rated High.
A11: 7. Delete the six EXAMPLE rows when you add your own.
A13: Tips
A14: Build the register with the team, not alone: the people doing the work see risks the producer cannot.
... A18: More: GameDevProducer.com/posts/risk-register-template-for-game-development/

Sheet Risk register
A1: Game Development Risk Register
A2: Project: ____________ Producer: ____________ Review cadence: weekly or at every sprint review. Template from GameDevProducer.com. Replace the example rows with your own risks.
A4: ID | B4: Risk: what could happen | C4: Category | D4: Probability (1-5) | E4: Impact (1-5) | F4: Score | G4: Rating | H4: Owner | I4: Early warning sign | J4: Mitigation (before it happens) | K4: Contingency (if it happens) | L4: Status | M4: Date raised | N4: Last reviewed | O4: Notes
A5: R-01 | B5: EXAMPLE: The only engineer who understands the netcode leaves or is out for weeks | C5: Team | D5: 3 | E5: 5 | F5: =IF(AND(D5<>"",E5<>""),D5*E5,"") | G5: =IF(F5="","",IF(F5>=15,"High",IF(F5>=8,"Medium","Low"))) | H5: Lead engineer | I5: Netcode tickets only ever assigned to one person | J5: Pair a second engineer on netcode; document the architecture; record walkthroughs | K5: Shortlist contractors with netcode experience; re-plan dependent milestones | L5: Mitigating
A6: R-02 | B6: EXAMPLE: Console certification fails on first submission | C6: External / platform | D6: 3 | E6: 4 | F6: =IF(AND(D6<>"",E6<>""),D6*E6,"") | G6: =IF(F6="","",IF(F6>=15,"High",IF(F6>=8,"Medium","Low"))) | H6: QA lead | I6: Pre-cert pass finds more than a handful of requirement failures | J6: Map every platform requirement to an owner; run an internal pre-cert pass | K6: Hold resubmission time in the schedule before the release date | L6: Open
A7: R-03 | B7: EXAMPLE: Scope grows during production without the schedule changing | C7: Scope | D7: 4 | E7: 4 | F7: =IF(AND(D7<>"",E7<>""),D7*E7,"") | G7: =IF(F7="","",IF(F7>=15,"High",IF(F7>=8,"Medium","Low"))) | H7: Producer | I7: Velocity flat while backlog grows sprint over sprint | J7: Change process: new work in means existing work out, with the cost shown | K7: Cut list agreed in advance, ranked by player impact | L7: Monitoring
A8: R-04 | B8: EXAMPLE: An engine upgrade breaks the build pipeline mid-milestone | C8: Technical | D8: 2 | E8: 3 | F8: =IF(AND(D8<>"",E8<>""),D8*E8,"") | G8: =IF(F8="","",IF(F8>=15,"High",IF(F8>=8,"Medium","Low"))) | H8: Build engineer | I8: Upgrade branch fails nightly builds | J8: Upgrade on a branch at the start of a milestone, never near a gate | K8: Roll back to the previous engine version; defer the upgrade | L8: Open
A9: R-05 | B9: EXAMPLE: Steam Next Fest demo not ready by the registration deadline | C9: Schedule | D9: 2 | E9: 4 | F9: =IF(AND(D9<>"",E9<>""),D9*E9,"") | G9: =IF(F9="","",IF(F9>=15,"High",IF(F9>=8,"Medium","Low"))) | H9: Producer | I9: Demo slice still missing core loop four weeks before the deadline | J9: Lock demo scope early; treat the deadline as a milestone | K9: Target the following Next Fest; reallocate the marketing plan | L9: Open
A10: R-06 | B10: EXAMPLE: Live event content is late for the season start | C10: Live ops | D10: 3 | E10: 4 | F10: =IF(AND(D10<>"",E10<>""),D10*E10,"") | G10: =IF(F10="","",IF(F10>=15,"High",IF(F10>=8,"Medium","Low"))) | H10: Live ops producer | I10: Content not in final review two weeks before the season | J10: Season content one beat ahead; buffer before every season start | K10: Ship the event with a smaller content drop; move extra items to mid-season | L10: Open
F11: =IF(AND(D11<>"",E11<>""),D11*E11,"") | G11: =IF(F11="","",IF(F11>=15,"High",IF(F11>=8,"Medium","Low")))
F12: =IF(AND(D12<>"",E12<>""),D12*E12,"") | G12: =IF(F12="","",IF(F12>=15,"High",IF(F12>=8,"Medium","Low")))
F13: =IF(AND(D13<>"",E13<>""),D13*E13,"") | G13: =IF(F13="","",IF(F13>=15,"High",IF(F13>=8,"Medium","Low")))
F14: =IF(AND(D14<>"",E14<>""),D14*E14,"") | G14: =IF(F14="","",IF(F14>=15,"High",IF(F14>=8,"Medium","Low")))
F15: =IF(AND(D15<>"",E15<>""),D15*E15,"") | G15: =IF(F15="","",IF(F15>=15,"High",IF(F15>=8,"Medium","Low")))
F16: =IF(AND(D16<>"",E16<>""),D16*E16,"") | G16: =IF(F16="","",IF(F16>=15,"High",IF(F16>=8,"Medium","Low")))
F17: =IF(AND(D17<>"",E17<>""),D17*E17,"") | G17: =IF(F17="","",IF(F17>=15,"High",IF(F17>=8,"Medium","Low")))
F18: =IF(AND(D18<>"",E18<>""),D18*E18,"") | G18: =IF(F18="","",IF(F18>=15,"High",IF(F18>=8,"Medium","Low")))
F19: =IF(AND(D19<>"",E19<>""),D19*E19,"") | G19: =IF(F19="","",IF(F19>=15,"High",IF(F19>=8,"Medium","Low")))
F20: =IF(AND(D20<>"",E20<>""),D20*E20,"") | G20: =IF(F20="","",IF(F20>=15,"High",IF(F20>=8,"Medium","Low")))
F21: =IF(AND(D21<>"",E21<>""),D21*E21,"") | G21: =IF(F21="","",IF(F21>=15,"High",IF(F21>=8,"Medium","Low")))
F22: =IF(AND(D22<>"",E22<>""),D22*E22,"") | G22: =IF(F22="","",IF(F22>=15,"High",IF(F22>=8,"Medium","Low")))
... F104: =IF(AND(D104<>"",E104<>""),D104*E104,"") | G104: =IF(F104="","",IF(F104>=15,"High",IF(F104>=8,"Medium","Low")))

Sheet Heat map
A1: Risk heat map: number of open risks by probability and impact
A2: Counts every risk on the register that is not Closed. Top-right cells are your priorities.
A4: Probability
B5: 5 | C5: =COUNTIFS('Risk register'!$D$5:$D$104,5,'Risk register'!$E$5:$E$104,1,'Risk register'!$L$5:$L$104,"<>Closed") | D5: =COUNTIFS('Risk register'!$D$5:$D$104,5,'Risk register'!$E$5:$E$104,2,'Risk register'!$L$5:$L$104,"<>Closed") | E5: =COUNTIFS('Risk register'!$D$5:$D$104,5,'Risk register'!$E$5:$E$104,3,'Risk register'!$L$5:$L$104,"<>Closed") | F5: =COUNTIFS('Risk register'!$D$5:$D$104,5,'Risk register'!$E$5:$E$104,4,'Risk register'!$L$5:$L$104,"<>Closed") | G5: =COUNTIFS('Risk register'!$D$5:$D$104,5,'Risk register'!$E$5:$E$104,5,'Risk register'!$L$5:$L$104,"<>Closed")
B6: 4 | C6: =COUNTIFS('Risk register'!$D$5:$D$104,4,'Risk register'!$E$5:$E$104,1,'Risk register'!$L$5:$L$104,"<>Closed") | D6: =COUNTIFS('Risk register'!$D$5:$D$104,4,'Risk register'!$E$5:$E$104,2,'Risk register'!$L$5:$L$104,"<>Closed") | E6: =COUNTIFS('Risk register'!$D$5:$D$104,4,'Risk register'!$E$5:$E$104,3,'Risk register'!$L$5:$L$104,"<>Closed") | F6: =COUNTIFS('Risk register'!$D$5:$D$104,4,'Risk register'!$E$5:$E$104,4,'Risk register'!$L$5:$L$104,"<>Closed") | G6: =COUNTIFS('Risk register'!$D$5:$D$104,4,'Risk register'!$E$5:$E$104,5,'Risk register'!$L$5:$L$104,"<>Closed")
B7: 3 | C7: =COUNTIFS('Risk register'!$D$5:$D$104,3,'Risk register'!$E$5:$E$104,1,'Risk register'!$L$5:$L$104,"<>Closed") | D7: =COUNTIFS('Risk register'!$D$5:$D$104,3,'Risk register'!$E$5:$E$104,2,'Risk register'!$L$5:$L$104,"<>Closed") | E7: =COUNTIFS('Risk register'!$D$5:$D$104,3,'Risk register'!$E$5:$E$104,3,'Risk register'!$L$5:$L$104,"<>Closed") | F7: =COUNTIFS('Risk register'!$D$5:$D$104,3,'Risk register'!$E$5:$E$104,4,'Risk register'!$L$5:$L$104,"<>Closed") | G7: =COUNTIFS('Risk register'!$D$5:$D$104,3,'Risk register'!$E$5:$E$104,5,'Risk register'!$L$5:$L$104,"<>Closed")
B8: 2 | C8: =COUNTIFS('Risk register'!$D$5:$D$104,2,'Risk register'!$E$5:$E$104,1,'Risk register'!$L$5:$L$104,"<>Closed") | D8: =COUNTIFS('Risk register'!$D$5:$D$104,2,'Risk register'!$E$5:$E$104,2,'Risk register'!$L$5:$L$104,"<>Closed") | E8: =COUNTIFS('Risk register'!$D$5:$D$104,2,'Risk register'!$E$5:$E$104,3,'Risk register'!$L$5:$L$104,"<>Closed") | F8: =COUNTIFS('Risk register'!$D$5:$D$104,2,'Risk register'!$E$5:$E$104,4,'Risk register'!$L$5:$L$104,"<>Closed") | G8: =COUNTIFS('Risk register'!$D$5:$D$104,2,'Risk register'!$E$5:$E$104,5,'Risk register'!$L$5:$L$104,"<>Closed")
B9: 1 | C9: =COUNTIFS('Risk register'!$D$5:$D$104,1,'Risk register'!$E$5:$E$104,1,'Risk register'!$L$5:$L$104,"<>Closed") | D9: =COUNTIFS('Risk register'!$D$5:$D$104,1,'Risk register'!$E$5:$E$104,2,'Risk register'!$L$5:$L$104,"<>Closed") | E9: =COUNTIFS('Risk register'!$D$5:$D$104,1,'Risk register'!$E$5:$E$104,3,'Risk register'!$L$5:$L$104,"<>Closed") | F9: =COUNTIFS('Risk register'!$D$5:$D$104,1,'Risk register'!$E$5:$E$104,4,'Risk register'!$L$5:$L$104,"<>Closed") | G9: =COUNTIFS('Risk register'!$D$5:$D$104,1,'Risk register'!$E$5:$E$104,5,'Risk register'!$L$5:$L$104,"<>Closed")
C10: 1 | D10: 2 | E10: 3 | F10: 4 | G10: 5
B11: Impact
